ID,Lon,Lat,MS_bathy_5m,BO21_tempmean_bdmean,BO21_temprange_bdmean,BO21_tempmean_ss,BO21_temprange_ss,BO21_RCP26_2050_tempmean_bdmean,BO21_RCP45_2050_tempmean_bdmean,BO21_RCP60_2050_tempmean_bdmean,BO21_RCP85_2050_tempmean_bdmean,BO21_RCP26_2100_tempmean_bdmean,BO21_RCP45_2100_tempmean_bdmean,BO21_RCP60_2100_tempmean_bdmean,BO21_RCP85_2100_tempmean_bdmean,BO21_RCP26_2050_temprange_bdmean,BO21_RCP45_2050_temprange_bdmean,BO21_RCP60_2050_temprange_bdmean,BO21_RCP85_2050_temprange_bdmean,BO21_RCP26_2100_temprange_bdmean,BO21_RCP45_2100_temprange_bdmean,BO21_RCP60_2100_temprange_bdmean,BO21_RCP85_2100_temprange_bdmean,BO21_RCP26_2050_tempmean_ss,BO21_RCP45_2050_tempmean_ss,BO21_RCP60_2050_tempmean_ss,BO21_RCP85_2050_tempmean_ss,BO21_RCP26_2100_tempmean_ss,BO21_RCP45_2100_tempmean_ss,BO21_RCP60_2100_tempmean_ss,BO21_RCP85_2100_tempmean_ss,BO21_RCP26_2050_temprange_ss,BO21_RCP45_2050_temprange_ss,BO21_RCP60_2050_temprange_ss,BO21_RCP85_2050_temprange_ss,BO21_RCP26_2100_temprange_ss,BO21_RCP45_2100_temprange_ss,BO21_RCP60_2100_temprange_ss,BO21_RCP85_2100_temprange_ss
1,2.208333333333332,52.291666666666664,-37,10.195,12.256,11.922,13.676,10.828,10.837,10.662,11.09,10.605,11.017,11.391,12.429,12.388,12.745,12.678,13.25,12.92,12.52,12.992,12.197,12.847,13.15,12.693,13.238,12.658,12.924,13.629,15.035,13.487,14.019,13.49,14.712,14.871,13.673,14.556,13.714
2,-0.125,56.29166666666666,-89,7.916,5.782,10.574,11.017,8.165,8.132,7.987,8.321,8.091,8.501,8.67,9.68,5.741,6.034,6.021,6.162,5.749,5.568,6.27,5.35,11.284,11.517,11.083,11.583,11.148,11.374,11.952,13.408,11.107,11.477,11.56,11.734,11.587,11.012,11.917,12.489
3,-9.875,53.12499999999999,-61,10.24,4.524,12.112,9.39,10.207,10.319,10.182,10.349,10.257,10.585,10.88,11.648,4.791,5.153,5.112,5.071,4.851,4.886,5.041,4.817,12.433,12.643,12.32,12.574,12.339,12.522,13.104,14.028,10.455,10.293,10.52,10.5,10.022,10.054,10.508,10.526
4,-3.625,49.87499999999999,-64,11.301,5.899,13.079,9.07,11.853,11.719,11.628,11.933,11.606,12.03,12.439,13.272,6.353,6.219,6.288,6.384,6.201,6.032,5.968,5.972,14.019,14.165,13.823,14.218,13.78,14.144,14.849,16.171,9.632,10.239,10.014,11.061,10.049,10.161,10.241,10.862
5,-10.625,55.04166666666666,-2101,3.319,0.627,12.123,6.064,3.525,3.536,3.545,3.526,3.586,3.619,3.624,3.504,0.59,0.526,0.528,0.525,0.566,0.57,0.596,0.519,12.191,12.403,12.079,12.262,12.119,12.264,12.737,13.635,7.078,7.071,7.291,7.176,6.399,6.597,7.172,7.635
6,-3.708333333333334,53.70833333333333,-32,11.008,9.619,11.404,11.288,11.71,11.599,11.474,11.823,11.432,11.974,12.33,13.3,9.801,9.946,10.264,10.363,10.075,9.989,9.915,9.506,12.269,12.413,12.052,12.514,12.01,12.366,13.013,14.358,11.922,12.287,12.338,12.489,11.832,11.823,12.141,12.805
7,-10.208333333333334,53.54166666666666,-21,11.4,7.4,11.92,8.461,11.265,11.327,11.203,11.349,11.311,11.505,11.77,12.487,7.64,7.992,8.154,8.206,7.913,7.829,8.063,7.749,12.092,12.316,11.994,12.21,12.004,12.171,12.724,13.608,9.577,9.406,9.657,9.593,9.09,9.1,9.649,9.743
8,-3.958333333333334,51.37499999999999,-28,11.849,9.319,12.354,11.564,12.566,12.434,12.336,12.651,12.344,12.828,13.257,14.207,9.59,9.541,9.746,10.069,9.91,9.709,9.529,9.477,13.269,13.405,13.064,13.444,13.057,13.452,14.132,15.458,12.359,12.777,12.636,13.305,12.257,12.864,12.695,13.568
9,-7.875,50.95833333333333,-103,10.428,2.861,12.868,9.256,10.759,10.781,10.63,10.936,10.574,11.071,11.483,12.413,3.033,3.326,3.189,3.506,3.063,3.309,3.275,3.365,13.644,13.741,13.46,13.789,13.376,13.726,14.397,15.563,10.533,10.663,10.814,10.803,9.922,10.486,10.671,11.325
10,-10.791666666666666,50.291666666666664,-187,10.76,0.97,13.495,7.174,11.418,11.502,11.387,11.935,11.954,12.636,12.816,14.021,1.378,1.499,1.298,1.32,0.985,1.121,1.178,0.902,13.925,14.11,13.817,14.069,13.871,14.073,14.628,15.633,8.215,8.495,8.232,8.49,7.864,8.385,8.845,8.976
11,-6.291666666666667,50.95833333333333,-93,10.235,3.656,12.907,9.548,10.654,10.586,10.472,10.802,10.414,10.916,11.319,12.166,3.804,3.981,3.908,4.305,3.798,4,3.781,3.855,13.726,13.814,13.506,13.831,13.486,13.8,14.494,15.707,10.723,10.897,10.891,11.129,10.196,10.934,10.86,11.711
12,-10.208333333333334,56.70833333333333,-2084,3.17,0.365,11.822,5.759,3.374,3.376,3.394,3.367,3.41,3.439,3.418,3.278,0.306,0.258,0.258,0.26,0.28,0.316,0.308,0.257,11.865,12.094,11.759,11.896,11.808,11.88,12.373,13.27,6.23,6.228,6.483,6.6,5.611,6.185,6.747,7.004
13,-10.625,52.70833333333333,-105,10.198,2.271,12.335,8.526,10.246,10.51,10.328,10.61,10.288,10.8,11.193,12.302,2.794,3.094,3.013,3.205,2.845,3.07,2.956,3.099,12.605,12.807,12.483,12.72,12.523,12.677,13.252,14.153,9.649,9.575,9.836,9.786,9.148,9.265,9.82,9.878
14,-8.625,55.95833333333333,-132,9.938,2.862,11.807,6.783,9.873,9.99,10,10.244,10.006,10.31,10.918,12.11,3.231,3.787,3.657,3.921,3.626,3.746,3.87,3.966,12.028,12.186,11.861,12.012,11.905,12.032,12.531,13.51,7.263,7.126,7.426,7.748,6.791,7.201,7.536,7.875
15,-6.291666666666667,50.20833333333333,-81,10.731,4.003,12.858,8.704,11.225,11.12,11.034,11.341,11,11.437,11.833,12.643,4.388,4.335,4.421,4.589,4.244,4.232,4.198,4.073,13.631,13.746,13.422,13.759,13.443,13.723,14.418,15.584,9.7,10.067,10.004,10.255,9.429,10.08,10.063,10.905
16,-5.208333333333334,49.95833333333333,-33,11.157,5.177,12.888,9.289,11.72,11.585,11.508,11.808,11.492,11.901,12.318,13.117,5.398,5.306,5.356,5.499,5.316,5.149,5.1,4.929,13.712,13.831,13.502,13.862,13.509,13.823,14.504,15.736,10.177,10.714,10.519,11.051,10.181,10.765,10.609,11.414
17,-3.708333333333334,54.62499999999999,-12,11.094,11.692,11.061,12.169,11.756,11.665,11.535,11.927,11.502,12.078,12.404,13.548,12.031,11.98,12.353,12.483,11.957,12.436,12.396,12.545,11.819,11.97,11.579,12.044,11.542,11.891,12.493,13.75,12.582,12.844,12.927,13.151,12.446,12.536,12.899,13.44
18,2.125,55.95833333333333,-80,7.95,6.085,10.753,11.78,8.224,8.203,8.053,8.4,8.182,8.609,8.744,9.84,5.756,6.039,6.083,6.242,5.82,5.543,6.236,5.339,11.504,11.772,11.307,11.833,11.44,11.625,12.273,13.719,12.083,12.31,12.42,12.7,12.794,11.815,12.8,12.938
19,2.125,53.37499999999999,-20,11.018,13.868,11.057,13.23,11.935,11.921,11.69,12.199,11.709,12.213,12.595,13.853,13.954,14.405,14.039,14.747,14.748,14.235,14.605,14.038,11.967,12.238,11.777,12.321,11.803,12.051,12.74,14.203,13.38,13.677,13.311,14.2,14.464,13.321,14.105,13.67
20,0.375,52.791666666666664,-18,11.001,14.365,11.031,13.934,11.897,11.898,11.709,12.235,11.751,12.292,12.693,14.116,14.46,14.486,14.725,15.373,15.399,15.025,15.132,15.273,12.002,12.26,11.793,12.367,11.877,12.19,12.872,14.339,14.163,14.412,14.14,14.95,15.164,14.239,14.689,14.569
21,-7.541666666666667,56.20833333333333,-123,9.572,3.858,11.391,7.43,9.483,9.587,9.563,9.735,9.584,9.834,10.31,11.371,4.139,4.686,4.548,4.738,4.499,4.623,4.772,4.666,11.716,11.852,11.528,11.728,11.568,11.716,12.257,13.285,7.885,7.785,8.113,8.46,7.534,7.753,8.132,8.427
22,0.7083333333333321,49.87499999999999,-17,12.586,12.674,12.841,12.4,13.541,13.505,13.333,13.819,13.334,13.889,14.313,15.656,12.549,12.804,12.964,13.769,13.68,13.276,13.347,13.406,13.797,14.009,13.627,14.091,13.569,13.901,14.621,15.921,12.31,12.776,12.582,14.006,13.249,12.616,13.064,13.258
23,1.875,53.79166666666666,-26,10.67,13.284,10.776,12.165,11.591,11.567,11.333,11.848,11.382,11.883,12.258,13.545,13.437,13.871,13.536,14.169,14.235,13.709,14.009,13.573,11.673,11.943,11.474,12.017,11.526,11.763,12.449,13.918,12.296,12.629,12.334,13.083,13.332,12.252,12.947,12.75
24,-10.375,54.62499999999999,-122,10.573,2.679,12.072,6.75,10.44,10.626,10.598,10.758,10.582,10.986,11.389,12.567,3.231,3.551,3.468,3.577,3.419,3.355,3.387,3.368,12.153,12.37,12.045,12.228,12.07,12.225,12.715,13.61,7.788,7.684,7.935,7.851,7.175,7.315,7.893,8.251
25,-0.375,54.70833333333333,-59,8.77,7.979,10.615,11.39,9.244,9.199,9.071,9.441,9.075,9.52,9.784,10.728,8.062,8.376,8.428,8.619,8.09,7.946,8.187,7.403,11.493,11.717,11.271,11.825,11.25,11.545,12.241,13.63,11.419,11.755,11.854,12.118,12.072,11.623,11.906,12.682
26,0.041666666666666075,53.87499999999999,-15,10.356,11.673,10.26,10.716,11.238,11.219,11.008,11.544,11.075,11.618,11.986,13.367,11.787,11.859,12.113,12.383,12.577,12.133,12.448,12.363,11.216,11.432,10.967,11.552,11.039,11.321,12.057,13.475,10.797,11.027,10.97,11.445,11.597,10.879,11.153,11.69
27,1.041666666666666,51.62499999999999,-3,12.31,14.862,12.176,15.041,13.224,13.237,13.053,13.568,13.06,13.6,14.007,15.425,14.84,14.959,15.024,15.981,15.987,15.522,15.679,15.522,13.122,13.404,12.965,13.501,12.962,13.253,13.929,15.374,14.941,15.496,14.999,16.213,16.23,15.126,15.844,15.404
28,-9.375,50.12499999999999,-35,10.638,1.767,13.102,8.62,11.125,11.266,11.033,11.597,10.896,11.774,12.174,13.568,2.272,2.512,2.277,2.682,2.219,2.555,2.509,2.287,13.679,13.861,13.551,13.845,13.562,13.808,14.436,15.489,9.65,9.934,9.807,9.926,9.31,9.813,10.268,10.389
29,0.625,50.37499999999999,-35,12.145,11.82,12.804,11.13,12.947,12.829,12.718,13.1,12.676,13.115,13.527,14.451,12.081,12.079,12.127,12.537,12.538,12.166,12.231,11.488,13.759,13.994,13.603,14.081,13.551,13.869,14.573,15.91,11.011,11.492,11.19,12.661,12.033,11.218,11.837,11.82
30,-7.041666666666667,50.791666666666664,-105,10.332,3.444,13.008,9.401,10.735,10.705,10.589,10.92,10.51,11.035,11.443,12.324,3.593,3.759,3.7,4.131,3.63,3.88,3.668,3.676,13.789,13.884,13.581,13.907,13.561,13.867,14.545,15.721,10.559,10.744,10.78,10.873,10.067,10.712,10.753,11.544
31,1.541666666666666,51.041666666666664,-45,11.996,11.682,12.557,12.342,12.693,12.657,12.503,12.907,12.434,12.863,13.275,14.277,11.848,12.127,12.094,12.641,12.358,11.876,12.26,11.583,13.508,13.803,13.368,13.889,13.34,13.645,14.319,15.749,12.135,12.71,12.211,13.54,13.388,12.258,13.074,12.51
32,-5.291666666666667,55.29166666666666,-46,10.256,8.15,10.842,8.672,10.532,10.508,10.325,10.565,10.411,10.722,11.017,11.906,8.367,8.669,8.761,8.908,8.596,8.385,8.569,8.065,11.321,11.419,11.07,11.372,11.136,11.394,11.922,12.994,9.232,9.326,9.637,9.826,8.716,9.058,9.309,9.679
33,-0.9583333333333339,50.37499999999999,-46,11.545,8.166,12.745,11.196,12.152,12.046,11.927,12.258,11.915,12.259,12.703,13.514,8.45,8.422,8.394,8.479,8.532,8.076,8.238,7.808,13.7,13.883,13.519,13.953,13.454,13.795,14.521,15.811,11.271,11.797,11.616,12.963,11.974,11.687,11.974,12.42
34,-0.20833333333333393,54.37499999999999,-50,9.39,9.434,10.445,11.221,10.017,9.988,9.844,10.271,9.827,10.3,10.621,11.593,9.45,9.859,10.02,10.168,9.66,9.555,9.719,9.011,11.368,11.589,11.128,11.701,11.16,11.45,12.162,13.561,11.253,11.539,11.551,11.947,11.969,11.401,11.659,12.31
35,-1.458333333333334,49.95833333333333,-65,11.555,8.03,12.92,10.121,12.188,12.032,11.937,12.252,11.934,12.334,12.751,13.594,8.309,8.179,8.206,8.335,8.21,7.865,7.936,7.734,13.883,14.061,13.699,14.132,13.646,13.99,14.71,16.002,10.24,10.744,10.621,11.931,10.964,10.587,10.954,11.365
36,-1.5416666666666679,56.70833333333333,-57,8.95,7.804,9.978,9.35,9.267,9.205,9.089,9.411,9.092,9.477,9.68,10.688,7.86,8.218,8.291,8.432,7.885,7.841,8.104,7.182,10.637,10.84,10.463,10.904,10.428,10.696,11.144,12.592,9.45,9.779,9.827,10.183,9.761,9.425,10.106,10.764
37,-9.875,51.62499999999999,-34,11.259,6.06,11.995,8.35,11.4,11.439,11.337,11.563,11.372,11.694,12.029,12.742,6.191,6.374,6.503,6.482,6.189,6.305,6.634,6.128,12.541,12.715,12.39,12.697,12.423,12.666,13.256,14.291,9.486,9.473,9.679,9.585,8.788,9.259,9.692,9.984
38,1.541666666666666,50.45833333333333,-7,12.581,13.476,12.714,12.891,13.506,13.518,13.341,13.85,13.32,13.863,14.287,15.684,13.377,13.496,13.575,14.655,14.545,14.044,14.261,14.044,13.671,13.944,13.528,14.031,13.491,13.805,14.497,15.884,12.685,13.21,12.819,14.222,13.863,12.859,13.563,13.283
39,-5.041666666666667,49.95833333333333,-73,11.026,4.617,12.965,9.481,11.547,11.411,11.336,11.62,11.311,11.726,12.142,12.911,5.024,4.998,5.025,5.224,4.931,4.822,4.679,4.644,13.793,13.912,13.59,13.949,13.59,13.913,14.581,15.825,10.356,10.884,10.69,11.268,10.419,10.962,10.772,11.577
40,-5.458333333333334,52.20833333333333,-91,9.943,4.188,11.838,8.03,10.287,10.247,10.125,10.428,10.093,10.558,10.942,11.804,4.333,4.488,4.427,4.765,4.331,4.497,4.293,4.302,12.733,12.827,12.504,12.892,12.468,12.847,13.54,14.797,8.927,9.202,9.194,9.494,8.584,9.026,8.982,9.652
41,-11.458333333333334,51.791666666666664,-232,10.505,0.914,13.023,6.783,11.08,11.136,11.009,11.434,11.799,12.333,12.47,13.642,1.541,1.429,1.342,1.365,0.879,1.287,1.204,0.762,13.326,13.514,13.211,13.44,13.282,13.406,13.97,14.901,7.993,8.049,8.099,8.053,7.43,7.741,8.456,8.616
42,-4.625,51.37499999999999,-45,11.089,7.391,12.373,10.4,11.717,11.598,11.493,11.807,11.48,11.893,12.351,13.266,7.449,7.568,7.695,7.989,7.568,7.393,7.318,7.117,13.263,13.375,13.043,13.415,13.036,13.418,14.092,15.387,11.281,11.603,11.492,12.018,11.006,11.743,11.459,12.391
43,-7.625,56.95833333333333,-22,10.784,7.665,10.922,7.233,10.923,10.897,10.782,10.943,10.888,11.162,11.42,12.314,7.749,7.817,8.226,8.284,7.565,8.189,8.568,8.206,11.158,11.295,10.99,11.148,11.019,11.126,11.662,12.693,7.547,7.503,7.831,8.047,7.2,7.484,8.099,8.133
44,1.125,54.95833333333333,-53,9.559,10.381,10.798,12.174,10.157,10.132,9.971,10.403,10.006,10.429,10.741,11.804,10.426,10.787,11.025,11.234,10.813,10.582,10.966,10.226,11.626,11.892,11.398,11.955,11.528,11.717,12.42,13.894,12.119,12.622,12.521,13.006,13.167,12.247,12.775,13.241
45,1.4583333333333321,51.70833333333333,-14,12.253,14.817,12.232,14.476,13.157,13.177,12.982,13.504,12.994,13.521,13.936,15.363,14.777,14.881,14.958,15.818,15.922,15.326,15.619,15.428,13.172,13.471,13.022,13.562,13.011,13.295,13.98,15.413,14.302,14.878,14.334,15.601,15.69,14.482,15.26,14.65
46,-5.708333333333334,51.12499999999999,-80,10.315,4.437,12.891,9.923,10.738,10.669,10.549,10.864,10.526,10.982,11.368,12.185,4.707,4.822,4.831,5.086,4.68,4.745,4.646,4.599,13.735,13.832,13.514,13.852,13.505,13.84,14.528,15.771,11.052,11.237,11.196,11.535,10.58,11.333,11.172,12.079
47,-0.9583333333333339,50.70833333333333,-10,12.465,11.451,12.67,12.948,13.423,13.364,13.195,13.665,13.222,13.797,14.209,15.475,11.421,11.7,11.85,12.591,12.335,12.286,12.099,12.389,13.628,13.82,13.453,13.892,13.392,13.737,14.468,15.789,13.018,13.559,13.348,14.671,13.687,13.428,13.73,14.174
48,0.625,54.62499999999999,-64,8.97,8.434,10.792,11.63,9.394,9.353,9.225,9.583,9.206,9.649,9.907,10.94,8.326,8.52,8.776,8.976,8.351,8.145,8.638,7.867,11.661,11.907,11.434,11.994,11.497,11.74,12.442,13.883,11.599,11.989,11.99,12.372,12.455,11.728,12.12,12.759
49,-10.958333333333334,54.79166666666666,-2056,3.313,0.655,12.162,6.115,3.521,3.529,3.542,3.522,3.58,3.613,3.617,3.499,0.623,0.55,0.563,0.555,0.594,0.593,0.614,0.54,12.211,12.422,12.105,12.294,12.124,12.292,12.774,13.662,7.266,7.236,7.441,7.34,6.621,6.717,7.34,7.808
50,1.7083333333333321,53.37499999999999,-20,10.79,13.39,10.875,12.542,11.731,11.709,11.475,11.996,11.515,12.025,12.401,13.668,13.478,13.898,13.521,14.233,14.254,13.727,14.029,13.52,11.791,12.061,11.594,12.145,11.631,11.883,12.578,14.04,12.677,12.983,12.626,13.469,13.743,12.652,13.368,13.031
51,2.208333333333332,56.45833333333333,-81,8.095,6.629,10.626,11.694,8.372,8.355,8.2,8.55,8.329,8.755,8.896,10.024,6.328,6.619,6.657,6.817,6.404,6.104,6.794,5.921,11.342,11.605,11.153,11.679,11.3,11.493,12.106,13.551,12.086,12.246,12.336,12.571,12.664,11.691,12.817,12.882
52,-0.20833333333333393,54.70833333333333,-61,8.57,7.612,10.677,11.478,8.983,8.94,8.816,9.167,8.782,9.219,9.478,10.505,7.549,7.754,7.956,8.175,7.558,7.376,7.86,7.091,11.552,11.777,11.327,11.882,11.321,11.608,12.304,13.702,11.479,11.815,11.912,12.193,12.17,11.701,11.986,12.748
53,-11.458333333333334,50.12499999999999,-1339,9.068,2.763,13.656,6.965,9.337,9.17,9.308,9.096,9.508,9.328,9.279,9.146,2.857,2.829,2.753,2.828,2.788,2.937,2.872,2.861,14.035,14.214,13.925,14.178,14.015,14.198,14.733,15.73,8.022,8.269,7.962,8.198,7.69,8.218,8.667,8.791
54,-9.791666666666666,49.87499999999999,-131,10.616,1.789,13.263,8.329,11.106,11.249,11.017,11.585,10.878,11.761,12.172,13.576,2.292,2.543,2.294,2.689,2.264,2.605,2.57,2.343,13.793,13.977,13.665,13.943,13.696,13.917,14.525,15.554,9.287,9.665,9.387,9.602,9.041,9.578,10.034,10.108
55,-4.375,53.62499999999999,-42,10.57,7.909,11.326,9.34,11.169,11.089,10.951,11.263,10.934,11.389,11.761,12.742,8.046,8.236,8.367,8.597,8.17,8.076,7.943,7.646,12.187,12.302,11.952,12.381,11.916,12.294,12.951,14.244,10.142,10.516,10.55,10.722,9.817,10.066,10.27,10.847
56,-7.125,51.291666666666664,-97,10.288,3.671,12.739,9.311,10.617,10.62,10.485,10.796,10.417,10.896,11.288,12.154,3.802,4.042,3.96,4.29,3.779,4.026,3.87,3.916,13.557,13.644,13.348,13.683,13.305,13.639,14.324,15.526,10.528,10.594,10.711,10.794,9.953,10.526,10.585,11.337
57,-5.541666666666667,51.12499999999999,-78,10.149,4.185,12.88,10.034,10.579,10.507,10.389,10.705,10.361,10.821,11.209,12.03,4.455,4.561,4.566,4.836,4.416,4.486,4.366,4.338,13.729,13.83,13.51,13.855,13.504,13.847,14.528,15.778,11.122,11.32,11.264,11.636,10.696,11.436,11.247,12.175
58,-10.041666666666666,50.12499999999999,-122,10.618,1.724,13.251,7.898,11.022,11.183,10.924,11.397,10.784,11.483,11.969,13.258,2.214,2.467,2.258,2.621,2.071,2.492,2.457,2.512,13.745,13.924,13.622,13.882,13.66,13.868,14.459,15.48,8.905,9.241,8.991,9.186,8.597,9.14,9.56,9.671
59,0.7916666666666661,53.12499999999999,-7,10.919,13.937,10.942,13.261,11.798,11.81,11.609,12.138,11.651,12.171,12.583,14.014,14.003,14.047,14.239,14.866,14.961,14.471,14.707,14.745,11.902,12.158,11.687,12.264,11.761,12.054,12.758,14.218,13.451,13.647,13.379,14.251,14.446,13.486,13.967,13.873
60,2.208333333333332,53.12499999999999,-21,10.747,13.18,11.202,13.448,11.543,11.527,11.328,11.802,11.307,11.785,12.13,13.281,13.491,13.749,13.589,14.101,13.992,13.526,13.901,13.179,12.12,12.401,11.94,12.49,11.949,12.207,12.895,14.335,13.529,13.849,13.43,14.463,14.717,13.537,14.372,13.726
61,0.45833333333333215,55.87499999999999,-71,8.039,6.035,10.734,11.498,8.428,8.388,8.251,8.606,8.263,8.71,8.925,9.959,6.015,6.213,6.339,6.51,5.975,5.867,6.354,5.485,11.48,11.726,11.272,11.793,11.343,11.564,12.19,13.645,11.625,11.97,12.095,12.245,12.238,11.557,12.348,12.96
62,-9.291666666666668,55.70833333333333,-159,10.405,2.232,11.984,6.332,10.468,10.593,10.602,11.015,10.84,11.376,11.958,13.159,2.734,3.291,3.073,3.303,2.935,3.263,3.336,2.772,12.158,12.331,11.998,12.157,12.059,12.184,12.665,13.616,6.903,6.796,7.102,7.296,6.287,6.678,7.08,7.495
63,-4.958333333333334,49.70833333333333,-81,10.919,3.952,13.183,9.365,11.387,11.277,11.176,11.484,11.155,11.602,11.999,12.789,4.258,4.306,4.315,4.552,4.204,4.195,4.108,4.23,14.017,14.143,13.81,14.179,13.812,14.128,14.815,16.047,10.193,10.766,10.548,11.167,10.287,10.768,10.694,11.465
64,-8.875,56.87499999999999,-110,9.991,2.552,11.61,6.13,9.943,10.059,10.07,10.337,10.088,10.382,11.013,12.21,2.922,3.548,3.43,3.646,3.347,3.483,3.591,3.739,11.744,11.919,11.599,11.731,11.649,11.724,12.249,13.207,6.439,6.249,6.62,6.889,5.781,6.372,6.94,7.009
65,-6.125,55.79166666666666,-2,10.726,8.508,10.674,7.677,11.121,11.034,10.923,11.196,10.98,11.423,11.73,12.731,8.908,8.566,9.086,9.192,8.506,9.197,9.202,9.295,11.137,11.257,10.911,11.201,10.969,11.172,11.73,12.795,8.14,8.198,8.546,8.738,7.758,7.933,8.284,8.709
66,-8.958333333333334,55.20833333333333,-92,10.198,3.875,11.832,7.761,10.037,10.148,10.051,10.131,10.126,10.318,10.561,11.391,4.089,4.608,4.502,4.409,4.36,4.36,4.602,4.005,12.074,12.234,11.885,12.078,11.96,12.1,12.604,13.575,8.352,8.343,8.53,8.777,7.806,8.231,8.526,8.87
67,-9.708333333333334,52.95833333333333,-72,10.391,5.101,12.129,9.466,10.392,10.487,10.356,10.529,10.395,10.702,11.003,11.747,5.336,5.608,5.648,5.583,5.306,5.427,5.487,5.145,12.527,12.711,12.381,12.666,12.417,12.63,13.208,14.149,10.541,10.414,10.668,10.612,9.954,10.149,10.546,10.636
68,-4.875,54.37499999999999,-53,10.012,7.567,11.176,8.38,10.401,10.339,10.197,10.466,10.208,10.606,10.929,11.852,7.935,7.967,8.143,8.17,7.85,7.846,7.882,7.469,11.863,11.972,11.613,11.998,11.628,11.98,12.559,13.725,9.069,9.412,9.501,9.705,8.613,9.038,9.198,9.579
69,-7.958333333333334,56.54166666666666,-111,10.028,2.444,11.288,7.3,10.068,10.179,10.174,10.634,10.312,10.776,11.539,12.797,2.924,3.515,3.395,3.696,3.186,3.496,3.787,3.517,11.545,11.692,11.37,11.544,11.413,11.532,12.07,13.081,7.704,7.551,7.922,8.176,7.251,7.573,8.031,8.257
70,-4.458333333333334,54.54166666666666,-34,10.65,8.454,11.112,10.105,11.111,11.054,10.89,11.192,10.9,11.308,11.626,12.579,8.596,8.864,8.933,9.168,8.741,8.719,8.611,8.216,11.801,11.929,11.566,11.974,11.558,11.911,12.473,13.668,10.672,10.961,11.1,11.255,10.358,10.611,10.89,11.342
71,-9.791666666666666,56.54166666666666,-1635,3.942,0.483,11.873,5.753,4.127,4.124,4.134,4.148,4.223,4.281,4.399,4.269,0.474,0.391,0.418,0.391,0.431,0.377,0.462,0.348,11.952,12.165,11.833,11.965,11.882,11.963,12.455,13.369,6.23,6.172,6.43,6.604,5.602,6.164,6.686,6.965
72,-0.04166666666666785,55.87499999999999,-82,7.901,5.767,10.702,11.392,8.161,8.127,7.982,8.317,8.078,8.493,8.664,9.675,5.691,5.98,5.979,6.112,5.71,5.516,6.206,5.283,11.442,11.68,11.232,11.748,11.276,11.507,12.116,13.572,11.469,11.839,11.928,12.131,12.031,11.459,12.215,12.87
73,-9.541666666666666,54.70833333333333,-98,10.309,3.532,11.901,7.772,10.121,10.252,10.173,10.251,10.2,10.42,10.702,11.579,3.858,4.26,4.209,4.104,4.093,4.058,4.24,3.879,12.073,12.262,11.92,12.114,11.981,12.131,12.625,13.554,8.57,8.507,8.781,8.768,7.924,8.265,8.688,9.041
74,-9.625,51.45833333333333,-33,11.282,5.872,12.153,8.521,11.464,11.491,11.394,11.628,11.423,11.756,12.094,12.826,5.996,6.181,6.302,6.29,5.957,6.106,6.414,5.927,12.734,12.906,12.587,12.895,12.596,12.861,13.468,14.531,9.708,9.747,9.895,9.84,9.04,9.562,9.929,10.27
75,-1.375,49.87499999999999,-60,11.71,9.188,12.947,10.53,12.347,12.215,12.113,12.426,12.096,12.439,12.905,13.719,9.403,9.403,9.522,9.512,9.521,9.075,9.325,8.785,13.908,14.084,13.721,14.154,13.667,14.008,14.727,16.012,10.64,11.139,11.016,12.336,11.387,11.001,11.352,11.77
76,2.208333333333332,56.70833333333333,-80,8.083,6.51,10.559,11.601,8.42,8.389,8.256,8.604,8.313,8.749,8.934,10.034,6.296,6.424,6.662,6.808,6.276,6.116,6.672,5.76,11.261,11.519,11.079,11.602,11.234,11.43,12.03,13.481,12.013,12.218,12.226,12.482,12.529,11.607,12.769,12.793
77,-10.541666666666666,52.12499999999999,-38,11.622,6.96,12.107,8.209,11.711,11.703,11.622,11.804,11.698,11.983,12.223,13.027,7.426,7.356,7.868,7.746,7.375,7.655,7.583,7.554,12.483,12.672,12.35,12.608,12.413,12.566,13.143,14.098,9.311,9.281,9.519,9.391,8.713,9.005,9.609,9.707
78,1.791666666666666,55.12499999999999,-23,10.286,12.221,10.771,12.808,11.13,11.067,10.859,11.368,10.941,11.438,11.794,13.131,12.641,12.983,12.889,13.271,13.356,12.923,13.06,13.096,11.594,11.866,11.381,11.922,11.493,11.685,12.365,13.844,12.857,13.312,13.206,13.707,13.85,12.84,13.534,13.773
79,-10.541666666666666,53.70833333333333,-104,10.269,2.688,12.025,7.814,10.233,10.45,10.366,10.569,10.368,10.852,11.219,12.394,3.288,3.532,3.465,3.583,3.344,3.334,3.291,3.339,12.134,12.359,12.047,12.243,12.032,12.21,12.752,13.627,8.991,8.83,9.022,9.044,8.473,8.522,9.045,9.213
80,-0.875,54.95833333333333,-67,8.409,7.201,10.445,11.069,8.892,8.848,8.709,9.083,8.673,9.137,9.403,10.385,7.181,7.433,7.58,7.723,7.111,7.007,7.4,6.691,11.314,11.554,11.134,11.676,10.972,11.315,12.008,13.377,11.24,11.613,11.767,11.875,11.661,11.454,11.69,12.657
81,-3.125,51.45833333333333,-4,12.4,12.599,12.41,12.997,13.318,13.198,13.1,13.516,13.099,13.726,14.154,15.471,13.197,13.119,13.616,14.319,13.422,14.242,13.683,14.374,13.354,13.504,13.157,13.549,13.141,13.54,14.239,15.587,13.599,14.127,13.969,14.766,13.715,14.175,14.063,14.861
82,-5.958333333333334,50.541666666666664,-80,10.538,4.278,12.86,9.027,11.078,10.951,10.874,11.177,10.832,11.292,11.71,12.516,4.687,4.62,4.705,4.911,4.543,4.515,4.355,4.313,13.672,13.773,13.459,13.796,13.449,13.77,14.456,15.682,10.09,10.372,10.303,10.612,9.695,10.467,10.325,11.212
83,-6.291666666666667,51.291666666666664,-108,10.35,3.041,12.778,9.499,10.693,10.681,10.542,10.858,10.513,10.994,11.408,12.349,3.219,3.427,3.314,3.613,3.239,3.432,3.367,3.528,13.627,13.715,13.412,13.748,13.377,13.723,14.415,15.646,10.679,10.791,10.822,11.056,10.151,10.803,10.723,11.59
84,-8.291666666666668,54.62499999999999,-17,11.431,8.347,11.591,9.446,11.662,11.64,11.511,11.732,11.563,11.949,12.249,13.091,8.444,8.426,8.79,8.787,8.212,8.69,8.821,8.53,11.957,12.083,11.717,11.991,11.803,12.038,12.53,13.51,10.172,10.243,10.482,10.652,9.472,10.052,10.194,10.527
85,-8.458333333333334,51.62499999999999,-46,10.866,5.281,12.288,9.304,11.325,11.294,11.21,11.507,11.15,11.595,11.978,12.84,5.43,5.452,5.681,5.703,5.335,5.427,5.379,5.128,13.057,13.175,12.873,13.213,12.831,13.174,13.832,15.002,10.549,10.596,10.789,10.766,9.885,10.4,10.589,11.204
86,-7.291666666666667,51.791666666666664,-75,10.523,4.787,12.365,9.351,10.964,10.915,10.81,11.107,10.77,11.211,11.59,12.444,5.073,5.036,5.153,5.29,4.886,4.979,4.877,4.663,13.225,13.317,13.018,13.372,12.972,13.331,14.026,15.252,10.529,10.617,10.74,10.874,10.02,10.483,10.573,11.282
87,-10.458333333333334,52.291666666666664,-91,10.375,4.088,12.143,8.421,10.405,10.518,10.371,10.573,10.447,10.796,11.102,11.847,4.348,4.723,4.674,4.676,4.348,4.466,4.672,4.477,12.533,12.724,12.399,12.662,12.45,12.615,13.203,14.156,9.501,9.447,9.678,9.614,8.946,9.188,9.758,9.857
88,-5.208333333333334,54.70833333333333,-172,10.076,2.159,10.872,8.187,10.127,10.21,10.193,10.71,10.392,10.909,11.696,12.896,2.706,3.173,3.071,3.265,2.817,3.129,3.573,2.89,11.426,11.525,11.165,11.512,11.212,11.536,12.056,13.158,8.88,9.071,9.29,9.424,8.237,8.757,8.96,9.285
89,-1.125,55.62499999999999,-82,7.985,5.849,10.325,10.65,8.152,8.152,7.996,8.355,8.163,8.53,8.779,9.945,5.951,6.295,6.333,6.537,6.145,6.01,6.744,6.057,11.115,11.321,10.909,11.418,10.834,11.139,11.747,13.177,10.753,11.084,11.172,11.463,11.128,10.796,11.339,12.126
90,1.2083333333333321,56.45833333333333,-94,7.873,5.728,10.652,10.957,8.122,8.098,7.954,8.291,8.078,8.496,8.625,9.696,5.462,5.76,5.803,5.963,5.546,5.275,6.008,5.058,11.353,11.606,11.159,11.671,11.296,11.491,12.094,13.543,11.212,11.481,11.58,11.714,11.75,10.917,12.023,12.322
91,1.041666666666666,54.95833333333333,-56,9.334,9.619,10.816,12.112,9.858,9.835,9.691,10.088,9.707,10.133,10.435,11.422,9.639,9.946,10.101,10.278,9.718,9.541,9.811,9.086,11.648,11.91,11.415,11.976,11.549,11.741,12.445,13.913,12.039,12.557,12.455,12.947,13.095,12.187,12.682,13.187
92,-5.458333333333334,52.37499999999999,-88,9.91,4.342,11.769,7.956,10.23,10.2,10.077,10.377,10.04,10.508,10.884,11.749,4.459,4.626,4.565,4.9,4.441,4.631,4.439,4.431,12.665,12.756,12.433,12.824,12.393,12.772,13.467,14.728,8.839,9.112,9.102,9.406,8.472,8.922,8.89,9.527
93,-11.041666666666666,52.62499999999999,-125,10.23,2.122,12.449,8.042,10.419,10.683,10.493,10.868,10.514,11.169,11.532,12.785,2.799,2.954,2.852,3.134,2.746,3.002,2.771,2.808,12.68,12.875,12.559,12.784,12.604,12.74,13.318,14.205,9.189,9.173,9.373,9.356,8.698,8.778,9.435,9.519
94,-7.291666666666667,50.041666666666664,-116,10.513,2.564,13.214,8.906,10.87,10.85,10.694,11.004,10.649,11.122,11.536,12.439,2.785,3.074,2.931,3.198,2.8,2.977,2.982,3.11,13.935,14.073,13.749,14.086,13.759,14.027,14.724,15.828,9.92,10.29,10.242,10.337,9.633,10.115,10.381,10.988
95,0.875,56.29166666666666,-99,7.851,5.667,10.653,11.091,8.099,8.074,7.929,8.266,8.05,8.464,8.606,9.659,5.433,5.735,5.761,5.913,5.515,5.241,5.952,5.021,11.366,11.617,11.171,11.68,11.288,11.491,12.089,13.535,11.299,11.581,11.741,11.85,11.844,11.072,12.098,12.499
96,-4.875,51.12499999999999,-52,10.652,6.182,12.695,10.19,11.259,11.125,11.039,11.351,11.015,11.442,11.886,12.767,6.38,6.397,6.57,6.679,6.391,6.186,6.279,6.063,13.576,13.689,13.357,13.73,13.35,13.733,14.395,15.69,11.112,11.363,11.251,11.819,10.835,11.569,11.278,12.237
97,2.458333333333332,54.70833333333333,-23,10.817,14.403,10.96,13.344,11.654,11.667,11.448,11.97,11.514,11.997,12.396,13.815,14.534,14.613,14.808,15.208,15.52,14.759,15.402,14.845,11.798,12.072,11.601,12.131,11.684,11.885,12.562,14.053,13.516,13.928,13.698,14.3,14.485,13.387,14.163,14.093
98,-4.625,52.12499999999999,-19,11.795,9.622,11.929,10.64,12.611,12.485,12.388,12.75,12.392,12.958,13.387,14.505,10.095,10.179,10.362,10.748,10.096,11.036,10.253,10.624,12.838,12.948,12.615,13.009,12.598,12.997,13.669,14.953,11.463,11.794,11.724,12.141,11.226,11.71,11.587,12.372
99,-8.708333333333334,50.37499999999999,-126,10.585,1.972,13.027,8.875,10.943,10.997,10.833,11.193,10.728,11.288,11.765,12.845,2.237,2.522,2.36,2.861,2.197,2.737,2.554,2.687,13.68,13.84,13.53,13.847,13.519,13.798,14.456,15.538,10.025,10.242,10.276,10.28,9.613,10.092,10.464,10.805
100,1.625,53.62499999999999,-22,10.532,12.866,10.716,11.94,11.443,11.414,11.193,11.701,11.222,11.73,12.102,13.366,13.018,13.429,13.134,13.748,13.752,13.289,13.61,13.181,11.618,11.887,11.415,11.966,11.472,11.708,12.41,13.874,12.058,12.389,12.06,12.832,13.122,12.045,12.689,12.55
